,PseudoTime
Cell_0,0.000000
Cell_1,0.000500
Cell_2,0.001000
Cell_3,0.001500
Cell_4,0.002000
Cell_5,0.002500
Cell_6,0.003000
Cell_7,0.003500
Cell_8,0.004000
Cell_9,0.004500
Cell_10,0.005000
Cell_11,0.005500
Cell_12,0.006000
Cell_13,0.006500
Cell_14,0.007000
Cell_15,0.007500
Cell_16,0.008000
Cell_17,0.008500
Cell_18,0.009000
Cell_19,0.009500
Cell_20,0.010000
Cell_21,0.010500
Cell_22,0.011000
Cell_23,0.011500
Cell_24,0.012000
Cell_25,0.012500
Cell_26,0.013000
Cell_27,0.013500
Cell_28,0.014000
Cell_29,0.014500
Cell_30,0.015000
Cell_31,0.015500
Cell_32,0.016000
Cell_33,0.016500
Cell_34,0.017000
Cell_35,0.017500
Cell_36,0.018000
Cell_37,0.018500
Cell_38,0.019000
Cell_39,0.019500
Cell_40,0.020000
Cell_41,0.020500
Cell_42,0.021000
Cell_43,0.021500
Cell_44,0.022000
Cell_45,0.022500
Cell_46,0.023000
Cell_47,0.023500
Cell_48,0.024000
Cell_49,0.024500
Cell_50,0.025000
Cell_51,0.025500
Cell_52,0.026000
Cell_53,0.026500
Cell_54,0.027000
Cell_55,0.027500
Cell_56,0.028000
Cell_57,0.028500
Cell_58,0.029000
Cell_59,0.029500
Cell_60,0.030000
Cell_61,0.030500
Cell_62,0.031000
Cell_63,0.031500
Cell_64,0.032000
Cell_65,0.032500
Cell_66,0.033000
Cell_67,0.033500
Cell_68,0.034000
Cell_69,0.034500
Cell_70,0.035000
Cell_71,0.035500
Cell_72,0.036000
Cell_73,0.036500
Cell_74,0.037000
Cell_75,0.037500
Cell_76,0.038000
Cell_77,0.038500
Cell_78,0.039000
Cell_79,0.039500
Cell_80,0.040000
Cell_81,0.040500
Cell_82,0.041000
Cell_83,0.041500
Cell_84,0.042000
Cell_85,0.042500
Cell_86,0.043000
Cell_87,0.043500
Cell_88,0.044000
Cell_89,0.044500
Cell_90,0.045000
Cell_91,0.045500
Cell_92,0.046000
Cell_93,0.046500
Cell_94,0.047000
Cell_95,0.047500
Cell_96,0.048000
Cell_97,0.048500
Cell_98,0.049000
Cell_99,0.049500
Cell_100,0.050000
Cell_101,0.050500
Cell_102,0.051000
Cell_103,0.051500
Cell_104,0.052000
Cell_105,0.052500
Cell_106,0.053000
Cell_107,0.053500
Cell_108,0.054000
Cell_109,0.054500
Cell_110,0.055000
Cell_111,0.055500
Cell_112,0.056000
Cell_113,0.056500
Cell_114,0.057000
Cell_115,0.057500
Cell_116,0.058000
Cell_117,0.058500
Cell_118,0.059000
Cell_119,0.059500
Cell_120,0.060000
Cell_121,0.060500
Cell_122,0.061000
Cell_123,0.061500
Cell_124,0.062000
Cell_125,0.062500
Cell_126,0.063000
Cell_127,0.063500
Cell_128,0.064000
Cell_129,0.064500
Cell_130,0.065000
Cell_131,0.065500
Cell_132,0.066000
Cell_133,0.066500
Cell_134,0.067000
Cell_135,0.067500
Cell_136,0.068000
Cell_137,0.068500
Cell_138,0.069000
Cell_139,0.069500
Cell_140,0.070000
Cell_141,0.070500
Cell_142,0.071000
Cell_143,0.071500
Cell_144,0.072000
Cell_145,0.072500
Cell_146,0.073000
Cell_147,0.073500
Cell_148,0.074000
Cell_149,0.074500
Cell_150,0.075000
Cell_151,0.075500
Cell_152,0.076000
Cell_153,0.076500
Cell_154,0.077000
Cell_155,0.077500
Cell_156,0.078000
Cell_157,0.078500
Cell_158,0.079000
Cell_159,0.079500
Cell_160,0.080000
Cell_161,0.080500
Cell_162,0.081000
Cell_163,0.081500
Cell_164,0.082000
Cell_165,0.082500
Cell_166,0.083000
Cell_167,0.083500
Cell_168,0.084000
Cell_169,0.084500
Cell_170,0.085000
Cell_171,0.085500
Cell_172,0.086000
Cell_173,0.086500
Cell_174,0.087000
Cell_175,0.087500
Cell_176,0.088000
Cell_177,0.088500
Cell_178,0.089000
Cell_179,0.089500
Cell_180,0.090000
Cell_181,0.090500
Cell_182,0.091000
Cell_183,0.091500
Cell_184,0.092000
Cell_185,0.092500
Cell_186,0.093000
Cell_187,0.093500
Cell_188,0.094000
Cell_189,0.094500
Cell_190,0.095000
Cell_191,0.095500
Cell_192,0.096000
Cell_193,0.096500
Cell_194,0.097000
Cell_195,0.097500
Cell_196,0.098000
Cell_197,0.098500
Cell_198,0.099000
Cell_199,0.099500
Cell_200,0.100000
Cell_201,0.100500
Cell_202,0.101000
Cell_203,0.101500
Cell_204,0.102000
Cell_205,0.102500
Cell_206,0.103000
Cell_207,0.103500
Cell_208,0.104000
Cell_209,0.104500
Cell_210,0.105000
Cell_211,0.105500
Cell_212,0.106000
Cell_213,0.106500
Cell_214,0.107000
Cell_215,0.107500
Cell_216,0.108000
Cell_217,0.108500
Cell_218,0.109000
Cell_219,0.109500
Cell_220,0.110000
Cell_221,0.110500
Cell_222,0.111000
Cell_223,0.111500
Cell_224,0.112000
Cell_225,0.112500
Cell_226,0.113000
Cell_227,0.113500
Cell_228,0.114000
Cell_229,0.114500
Cell_230,0.115000
Cell_231,0.115500
Cell_232,0.116000
Cell_233,0.116500
Cell_234,0.117000
Cell_235,0.117500
Cell_236,0.118000
Cell_237,0.118500
Cell_238,0.119000
Cell_239,0.119500
Cell_240,0.120000
Cell_241,0.120500
Cell_242,0.121000
Cell_243,0.121500
Cell_244,0.122000
Cell_245,0.122500
Cell_246,0.123000
Cell_247,0.123500
Cell_248,0.124000
Cell_249,0.124500
Cell_250,0.125000
Cell_251,0.125500
Cell_252,0.126000
Cell_253,0.126500
Cell_254,0.127000
Cell_255,0.127500
Cell_256,0.128000
Cell_257,0.128500
Cell_258,0.129000
Cell_259,0.129500
Cell_260,0.130000
Cell_261,0.130500
Cell_262,0.131000
Cell_263,0.131500
Cell_264,0.132000
Cell_265,0.132500
Cell_266,0.133000
Cell_267,0.133500
Cell_268,0.134000
Cell_269,0.134500
Cell_270,0.135000
Cell_271,0.135500
Cell_272,0.136000
Cell_273,0.136500
Cell_274,0.137000
Cell_275,0.137500
Cell_276,0.138000
Cell_277,0.138500
Cell_278,0.139000
Cell_279,0.139500
Cell_280,0.140000
Cell_281,0.140500
Cell_282,0.141000
Cell_283,0.141500
Cell_284,0.142000
Cell_285,0.142500
Cell_286,0.143000
Cell_287,0.143500
Cell_288,0.144000
Cell_289,0.144500
Cell_290,0.145000
Cell_291,0.145500
Cell_292,0.146000
Cell_293,0.146500
Cell_294,0.147000
Cell_295,0.147500
Cell_296,0.148000
Cell_297,0.148500
Cell_298,0.149000
Cell_299,0.149500
Cell_300,0.150000
Cell_301,0.150500
Cell_302,0.151000
Cell_303,0.151500
Cell_304,0.152000
Cell_305,0.152500
Cell_306,0.153000
Cell_307,0.153500
Cell_308,0.154000
Cell_309,0.154500
Cell_310,0.155000
Cell_311,0.155500
Cell_312,0.156000
Cell_313,0.156500
Cell_314,0.157000
Cell_315,0.157500
Cell_316,0.158000
Cell_317,0.158500
Cell_318,0.159000
Cell_319,0.159500
Cell_320,0.160000
Cell_321,0.160500
Cell_322,0.161000
Cell_323,0.161500
Cell_324,0.162000
Cell_325,0.162500
Cell_326,0.163000
Cell_327,0.163500
Cell_328,0.164000
Cell_329,0.164500
Cell_330,0.165000
Cell_331,0.165500
Cell_332,0.166000
Cell_333,0.166500
Cell_334,0.167000
Cell_335,0.167500
Cell_336,0.168000
Cell_337,0.168500
Cell_338,0.169000
Cell_339,0.169500
Cell_340,0.170000
Cell_341,0.170500
Cell_342,0.171000
Cell_343,0.171500
Cell_344,0.172000
Cell_345,0.172500
Cell_346,0.173000
Cell_347,0.173500
Cell_348,0.174000
Cell_349,0.174500
Cell_350,0.175000
Cell_351,0.175500
Cell_352,0.176000
Cell_353,0.176500
Cell_354,0.177000
Cell_355,0.177500
Cell_356,0.178000
Cell_357,0.178500
Cell_358,0.179000
Cell_359,0.179500
Cell_360,0.180000
Cell_361,0.180500
Cell_362,0.181000
Cell_363,0.181500
Cell_364,0.182000
Cell_365,0.182500
Cell_366,0.183000
Cell_367,0.183500
Cell_368,0.184000
Cell_369,0.184500
Cell_370,0.185000
Cell_371,0.185500
Cell_372,0.186000
Cell_373,0.186500
Cell_374,0.187000
Cell_375,0.187500
Cell_376,0.188000
Cell_377,0.188500
Cell_378,0.189000
Cell_379,0.189500
Cell_380,0.190000
Cell_381,0.190500
Cell_382,0.191000
Cell_383,0.191500
Cell_384,0.192000
Cell_385,0.192500
Cell_386,0.193000
Cell_387,0.193500
Cell_388,0.194000
Cell_389,0.194500
Cell_390,0.195000
Cell_391,0.195500
Cell_392,0.196000
Cell_393,0.196500
Cell_394,0.197000
Cell_395,0.197500
Cell_396,0.198000
Cell_397,0.198500
Cell_398,0.199000
Cell_399,0.199500
Cell_400,0.200000
Cell_401,0.200500
Cell_402,0.201000
Cell_403,0.201500
Cell_404,0.202000
Cell_405,0.202500
Cell_406,0.203000
Cell_407,0.203500
Cell_408,0.204000
Cell_409,0.204500
Cell_410,0.205000
Cell_411,0.205500
Cell_412,0.206000
Cell_413,0.206500
Cell_414,0.207000
Cell_415,0.207500
Cell_416,0.208000
Cell_417,0.208500
Cell_418,0.209000
Cell_419,0.209500
Cell_420,0.210000
Cell_421,0.210500
Cell_422,0.211000
Cell_423,0.211500
Cell_424,0.212000
Cell_425,0.212500
Cell_426,0.213000
Cell_427,0.213500
Cell_428,0.214000
Cell_429,0.214500
Cell_430,0.215000
Cell_431,0.215500
Cell_432,0.216000
Cell_433,0.216500
Cell_434,0.217000
Cell_435,0.217500
Cell_436,0.218000
Cell_437,0.218500
Cell_438,0.219000
Cell_439,0.219500
Cell_440,0.220000
Cell_441,0.220500
Cell_442,0.221000
Cell_443,0.221500
Cell_444,0.222000
Cell_445,0.222500
Cell_446,0.223000
Cell_447,0.223500
Cell_448,0.224000
Cell_449,0.224500
Cell_450,0.225000
Cell_451,0.225500
Cell_452,0.226000
Cell_453,0.226500
Cell_454,0.227000
Cell_455,0.227500
Cell_456,0.228000
Cell_457,0.228500
Cell_458,0.229000
Cell_459,0.229500
Cell_460,0.230000
Cell_461,0.230500
Cell_462,0.231000
Cell_463,0.231500
Cell_464,0.232000
Cell_465,0.232500
Cell_466,0.233000
Cell_467,0.233500
Cell_468,0.234000
Cell_469,0.234500
Cell_470,0.235000
Cell_471,0.235500
Cell_472,0.236000
Cell_473,0.236500
Cell_474,0.237000
Cell_475,0.237500
Cell_476,0.238000
Cell_477,0.238500
Cell_478,0.239000
Cell_479,0.239500
Cell_480,0.240000
Cell_481,0.240500
Cell_482,0.241000
Cell_483,0.241500
Cell_484,0.242000
Cell_485,0.242500
Cell_486,0.243000
Cell_487,0.243500
Cell_488,0.244000
Cell_489,0.244500
Cell_490,0.245000
Cell_491,0.245500
Cell_492,0.246000
Cell_493,0.246500
Cell_494,0.247000
Cell_495,0.247500
Cell_496,0.248000
Cell_497,0.248500
Cell_498,0.249000
Cell_499,0.249500
Cell_500,0.250000
Cell_501,0.250500
Cell_502,0.251000
Cell_503,0.251500
Cell_504,0.252000
Cell_505,0.252500
Cell_506,0.253000
Cell_507,0.253500
Cell_508,0.254000
Cell_509,0.254500
Cell_510,0.255000
Cell_511,0.255500
Cell_512,0.256000
Cell_513,0.256500
Cell_514,0.257000
Cell_515,0.257500
Cell_516,0.258000
Cell_517,0.258500
Cell_518,0.259000
Cell_519,0.259500
Cell_520,0.260000
Cell_521,0.260500
Cell_522,0.261000
Cell_523,0.261500
Cell_524,0.262000
Cell_525,0.262500
Cell_526,0.263000
Cell_527,0.263500
Cell_528,0.264000
Cell_529,0.264500
Cell_530,0.265000
Cell_531,0.265500
Cell_532,0.266000
Cell_533,0.266500
Cell_534,0.267000
Cell_535,0.267500
Cell_536,0.268000
Cell_537,0.268500
Cell_538,0.269000
Cell_539,0.269500
Cell_540,0.270000
Cell_541,0.270500
Cell_542,0.271000
Cell_543,0.271500
Cell_544,0.272000
Cell_545,0.272500
Cell_546,0.273000
Cell_547,0.273500
Cell_548,0.274000
Cell_549,0.274500
Cell_550,0.275000
Cell_551,0.275500
Cell_552,0.276000
Cell_553,0.276500
Cell_554,0.277000
Cell_555,0.277500
Cell_556,0.278000
Cell_557,0.278500
Cell_558,0.279000
Cell_559,0.279500
Cell_560,0.280000
Cell_561,0.280500
Cell_562,0.281000
Cell_563,0.281500
Cell_564,0.282000
Cell_565,0.282500
Cell_566,0.283000
Cell_567,0.283500
Cell_568,0.284000
Cell_569,0.284500
Cell_570,0.285000
Cell_571,0.285500
Cell_572,0.286000
Cell_573,0.286500
Cell_574,0.287000
Cell_575,0.287500
Cell_576,0.288000
Cell_577,0.288500
Cell_578,0.289000
Cell_579,0.289500
Cell_580,0.290000
Cell_581,0.290500
Cell_582,0.291000
Cell_583,0.291500
Cell_584,0.292000
Cell_585,0.292500
Cell_586,0.293000
Cell_587,0.293500
Cell_588,0.294000
Cell_589,0.294500
Cell_590,0.295000
Cell_591,0.295500
Cell_592,0.296000
Cell_593,0.296500
Cell_594,0.297000
Cell_595,0.297500
Cell_596,0.298000
Cell_597,0.298500
Cell_598,0.299000
Cell_599,0.299500
Cell_600,0.300000
Cell_601,0.300500
Cell_602,0.301000
Cell_603,0.301500
Cell_604,0.302000
Cell_605,0.302500
Cell_606,0.303000
Cell_607,0.303500
Cell_608,0.304000
Cell_609,0.304500
Cell_610,0.305000
Cell_611,0.305500
Cell_612,0.306000
Cell_613,0.306500
Cell_614,0.307000
Cell_615,0.307500
Cell_616,0.308000
Cell_617,0.308500
Cell_618,0.309000
Cell_619,0.309500
Cell_620,0.310000
Cell_621,0.310500
Cell_622,0.311000
Cell_623,0.311500
Cell_624,0.312000
Cell_625,0.312500
Cell_626,0.313000
Cell_627,0.313500
Cell_628,0.314000
Cell_629,0.314500
Cell_630,0.315000
Cell_631,0.315500
Cell_632,0.316000
Cell_633,0.316500
Cell_634,0.317000
Cell_635,0.317500
Cell_636,0.318000
Cell_637,0.318500
Cell_638,0.319000
Cell_639,0.319500
Cell_640,0.320000
Cell_641,0.320500
Cell_642,0.321000
Cell_643,0.321500
Cell_644,0.322000
Cell_645,0.322500
Cell_646,0.323000
Cell_647,0.323500
Cell_648,0.324000
Cell_649,0.324500
Cell_650,0.325000
Cell_651,0.325500
Cell_652,0.326000
Cell_653,0.326500
Cell_654,0.327000
Cell_655,0.327500
Cell_656,0.328000
Cell_657,0.328500
Cell_658,0.329000
Cell_659,0.329500
Cell_660,0.330000
Cell_661,0.330500
Cell_662,0.331000
Cell_663,0.331500
Cell_664,0.332000
Cell_665,0.332500
Cell_666,0.333000
Cell_667,0.333500
Cell_668,0.334000
Cell_669,0.334500
Cell_670,0.335000
Cell_671,0.335500
Cell_672,0.336000
Cell_673,0.336500
Cell_674,0.337000
Cell_675,0.337500
Cell_676,0.338000
Cell_677,0.338500
Cell_678,0.339000
Cell_679,0.339500
Cell_680,0.340000
Cell_681,0.340500
Cell_682,0.341000
Cell_683,0.341500
Cell_684,0.342000
Cell_685,0.342500
Cell_686,0.343000
Cell_687,0.343500
Cell_688,0.344000
Cell_689,0.344500
Cell_690,0.345000
Cell_691,0.345500
Cell_692,0.346000
Cell_693,0.346500
Cell_694,0.347000
Cell_695,0.347500
Cell_696,0.348000
Cell_697,0.348500
Cell_698,0.349000
Cell_699,0.349500
Cell_700,0.350000
Cell_701,0.350500
Cell_702,0.351000
Cell_703,0.351500
Cell_704,0.352000
Cell_705,0.352500
Cell_706,0.353000
Cell_707,0.353500
Cell_708,0.354000
Cell_709,0.354500
Cell_710,0.355000
Cell_711,0.355500
Cell_712,0.356000
Cell_713,0.356500
Cell_714,0.357000
Cell_715,0.357500
Cell_716,0.358000
Cell_717,0.358500
Cell_718,0.359000
Cell_719,0.359500
Cell_720,0.360000
Cell_721,0.360500
Cell_722,0.361000
Cell_723,0.361500
Cell_724,0.362000
Cell_725,0.362500
Cell_726,0.363000
Cell_727,0.363500
Cell_728,0.364000
Cell_729,0.364500
Cell_730,0.365000
Cell_731,0.365500
Cell_732,0.366000
Cell_733,0.366500
Cell_734,0.367000
Cell_735,0.367500
Cell_736,0.368000
Cell_737,0.368500
Cell_738,0.369000
Cell_739,0.369500
Cell_740,0.370000
Cell_741,0.370500
Cell_742,0.371000
Cell_743,0.371500
Cell_744,0.372000
Cell_745,0.372500
Cell_746,0.373000
Cell_747,0.373500
Cell_748,0.374000
Cell_749,0.374500
Cell_750,0.375000
Cell_751,0.375500
Cell_752,0.376000
Cell_753,0.376500
Cell_754,0.377000
Cell_755,0.377500
Cell_756,0.378000
Cell_757,0.378500
Cell_758,0.379000
Cell_759,0.379500
Cell_760,0.380000
Cell_761,0.380500
Cell_762,0.381000
Cell_763,0.381500
Cell_764,0.382000
Cell_765,0.382500
Cell_766,0.383000
Cell_767,0.383500
Cell_768,0.384000
Cell_769,0.384500
Cell_770,0.385000
Cell_771,0.385500
Cell_772,0.386000
Cell_773,0.386500
Cell_774,0.387000
Cell_775,0.387500
Cell_776,0.388000
Cell_777,0.388500
Cell_778,0.389000
Cell_779,0.389500
Cell_780,0.390000
Cell_781,0.390500
Cell_782,0.391000
Cell_783,0.391500
Cell_784,0.392000
Cell_785,0.392500
Cell_786,0.393000
Cell_787,0.393500
Cell_788,0.394000
Cell_789,0.394500
Cell_790,0.395000
Cell_791,0.395500
Cell_792,0.396000
Cell_793,0.396500
Cell_794,0.397000
Cell_795,0.397500
Cell_796,0.398000
Cell_797,0.398500
Cell_798,0.399000
Cell_799,0.399500
Cell_800,0.400000
Cell_801,0.400500
Cell_802,0.401000
Cell_803,0.401500
Cell_804,0.402000
Cell_805,0.402500
Cell_806,0.403000
Cell_807,0.403500
Cell_808,0.404000
Cell_809,0.404500
Cell_810,0.405000
Cell_811,0.405500
Cell_812,0.406000
Cell_813,0.406500
Cell_814,0.407000
Cell_815,0.407500
Cell_816,0.408000
Cell_817,0.408500
Cell_818,0.409000
Cell_819,0.409500
Cell_820,0.410000
Cell_821,0.410500
Cell_822,0.411000
Cell_823,0.411500
Cell_824,0.412000
Cell_825,0.412500
Cell_826,0.413000
Cell_827,0.413500
Cell_828,0.414000
Cell_829,0.414500
Cell_830,0.415000
Cell_831,0.415500
Cell_832,0.416000
Cell_833,0.416500
Cell_834,0.417000
Cell_835,0.417500
Cell_836,0.418000
Cell_837,0.418500
Cell_838,0.419000
Cell_839,0.419500
Cell_840,0.420000
Cell_841,0.420500
Cell_842,0.421000
Cell_843,0.421500
Cell_844,0.422000
Cell_845,0.422500
Cell_846,0.423000
Cell_847,0.423500
Cell_848,0.424000
Cell_849,0.424500
Cell_850,0.425000
Cell_851,0.425500
Cell_852,0.426000
Cell_853,0.426500
Cell_854,0.427000
Cell_855,0.427500
Cell_856,0.428000
Cell_857,0.428500
Cell_858,0.429000
Cell_859,0.429500
Cell_860,0.430000
Cell_861,0.430500
Cell_862,0.431000
Cell_863,0.431500
Cell_864,0.432000
Cell_865,0.432500
Cell_866,0.433000
Cell_867,0.433500
Cell_868,0.434000
Cell_869,0.434500
Cell_870,0.435000
Cell_871,0.435500
Cell_872,0.436000
Cell_873,0.436500
Cell_874,0.437000
Cell_875,0.437500
Cell_876,0.438000
Cell_877,0.438500
Cell_878,0.439000
Cell_879,0.439500
Cell_880,0.440000
Cell_881,0.440500
Cell_882,0.441000
Cell_883,0.441500
Cell_884,0.442000
Cell_885,0.442500
Cell_886,0.443000
Cell_887,0.443500
Cell_888,0.444000
Cell_889,0.444500
Cell_890,0.445000
Cell_891,0.445500
Cell_892,0.446000
Cell_893,0.446500
Cell_894,0.447000
Cell_895,0.447500
Cell_896,0.448000
Cell_897,0.448500
Cell_898,0.449000
Cell_899,0.449500
Cell_900,0.450000
Cell_901,0.450500
Cell_902,0.451000
Cell_903,0.451500
Cell_904,0.452000
Cell_905,0.452500
Cell_906,0.453000
Cell_907,0.453500
Cell_908,0.454000
Cell_909,0.454500
Cell_910,0.455000
Cell_911,0.455500
Cell_912,0.456000
Cell_913,0.456500
Cell_914,0.457000
Cell_915,0.457500
Cell_916,0.458000
Cell_917,0.458500
Cell_918,0.459000
Cell_919,0.459500
Cell_920,0.460000
Cell_921,0.460500
Cell_922,0.461000
Cell_923,0.461500
Cell_924,0.462000
Cell_925,0.462500
Cell_926,0.463000
Cell_927,0.463500
Cell_928,0.464000
Cell_929,0.464500
Cell_930,0.465000
Cell_931,0.465500
Cell_932,0.466000
Cell_933,0.466500
Cell_934,0.467000
Cell_935,0.467500
Cell_936,0.468000
Cell_937,0.468500
Cell_938,0.469000
Cell_939,0.469500
Cell_940,0.470000
Cell_941,0.470500
Cell_942,0.471000
Cell_943,0.471500
Cell_944,0.472000
Cell_945,0.472500
Cell_946,0.473000
Cell_947,0.473500
Cell_948,0.474000
Cell_949,0.474500
Cell_950,0.475000
Cell_951,0.475500
Cell_952,0.476000
Cell_953,0.476500
Cell_954,0.477000
Cell_955,0.477500
Cell_956,0.478000
Cell_957,0.478500
Cell_958,0.479000
Cell_959,0.479500
Cell_960,0.480000
Cell_961,0.480500
Cell_962,0.481000
Cell_963,0.481500
Cell_964,0.482000
Cell_965,0.482500
Cell_966,0.483000
Cell_967,0.483500
Cell_968,0.484000
Cell_969,0.484500
Cell_970,0.485000
Cell_971,0.485500
Cell_972,0.486000
Cell_973,0.486500
Cell_974,0.487000
Cell_975,0.487500
Cell_976,0.488000
Cell_977,0.488500
Cell_978,0.489000
Cell_979,0.489500
Cell_980,0.490000
Cell_981,0.490500
Cell_982,0.491000
Cell_983,0.491500
Cell_984,0.492000
Cell_985,0.492500
Cell_986,0.493000
Cell_987,0.493500
Cell_988,0.494000
Cell_989,0.494500
Cell_990,0.495000
Cell_991,0.495500
Cell_992,0.496000
Cell_993,0.496500
Cell_994,0.497000
Cell_995,0.497500
Cell_996,0.498000
Cell_997,0.498500
Cell_998,0.499000
Cell_999,0.499500
Cell_1000,0.500000
Cell_1001,0.500500
Cell_1002,0.501000
Cell_1003,0.501500
Cell_1004,0.502000
Cell_1005,0.502500
Cell_1006,0.503000
Cell_1007,0.503500
Cell_1008,0.504000
Cell_1009,0.504500
Cell_1010,0.505000
Cell_1011,0.505500
Cell_1012,0.506000
Cell_1013,0.506500
Cell_1014,0.507000
Cell_1015,0.507500
Cell_1016,0.508000
Cell_1017,0.508500
Cell_1018,0.509000
Cell_1019,0.509500
Cell_1020,0.510000
Cell_1021,0.510500
Cell_1022,0.511000
Cell_1023,0.511500
Cell_1024,0.512000
Cell_1025,0.512500
Cell_1026,0.513000
Cell_1027,0.513500
Cell_1028,0.514000
Cell_1029,0.514500
Cell_1030,0.515000
Cell_1031,0.515500
Cell_1032,0.516000
Cell_1033,0.516500
Cell_1034,0.517000
Cell_1035,0.517500
Cell_1036,0.518000
Cell_1037,0.518500
Cell_1038,0.519000
Cell_1039,0.519500
Cell_1040,0.520000
Cell_1041,0.520500
Cell_1042,0.521000
Cell_1043,0.521500
Cell_1044,0.522000
Cell_1045,0.522500
Cell_1046,0.523000
Cell_1047,0.523500
Cell_1048,0.524000
Cell_1049,0.524500
Cell_1050,0.525000
Cell_1051,0.525500
Cell_1052,0.526000
Cell_1053,0.526500
Cell_1054,0.527000
Cell_1055,0.527500
Cell_1056,0.528000
Cell_1057,0.528500
Cell_1058,0.529000
Cell_1059,0.529500
Cell_1060,0.530000
Cell_1061,0.530500
Cell_1062,0.531000
Cell_1063,0.531500
Cell_1064,0.532000
Cell_1065,0.532500
Cell_1066,0.533000
Cell_1067,0.533500
Cell_1068,0.534000
Cell_1069,0.534500
Cell_1070,0.535000
Cell_1071,0.535500
Cell_1072,0.536000
Cell_1073,0.536500
Cell_1074,0.537000
Cell_1075,0.537500
Cell_1076,0.538000
Cell_1077,0.538500
Cell_1078,0.539000
Cell_1079,0.539500
Cell_1080,0.540000
Cell_1081,0.540500
Cell_1082,0.541000
Cell_1083,0.541500
Cell_1084,0.542000
Cell_1085,0.542500
Cell_1086,0.543000
Cell_1087,0.543500
Cell_1088,0.544000
Cell_1089,0.544500
Cell_1090,0.545000
Cell_1091,0.545500
Cell_1092,0.546000
Cell_1093,0.546500
Cell_1094,0.547000
Cell_1095,0.547500
Cell_1096,0.548000
Cell_1097,0.548500
Cell_1098,0.549000
Cell_1099,0.549500
Cell_1100,0.550000
Cell_1101,0.550500
Cell_1102,0.551000
Cell_1103,0.551500
Cell_1104,0.552000
Cell_1105,0.552500
Cell_1106,0.553000
Cell_1107,0.553500
Cell_1108,0.554000
Cell_1109,0.554500
Cell_1110,0.555000
Cell_1111,0.555500
Cell_1112,0.556000
Cell_1113,0.556500
Cell_1114,0.557000
Cell_1115,0.557500
Cell_1116,0.558000
Cell_1117,0.558500
Cell_1118,0.559000
Cell_1119,0.559500
Cell_1120,0.560000
Cell_1121,0.560500
Cell_1122,0.561000
Cell_1123,0.561500
Cell_1124,0.562000
Cell_1125,0.562500
Cell_1126,0.563000
Cell_1127,0.563500
Cell_1128,0.564000
Cell_1129,0.564500
Cell_1130,0.565000
Cell_1131,0.565500
Cell_1132,0.566000
Cell_1133,0.566500
Cell_1134,0.567000
Cell_1135,0.567500
Cell_1136,0.568000
Cell_1137,0.568500
Cell_1138,0.569000
Cell_1139,0.569500
Cell_1140,0.570000
Cell_1141,0.570500
Cell_1142,0.571000
Cell_1143,0.571500
Cell_1144,0.572000
Cell_1145,0.572500
Cell_1146,0.573000
Cell_1147,0.573500
Cell_1148,0.574000
Cell_1149,0.574500
Cell_1150,0.575000
Cell_1151,0.575500
Cell_1152,0.576000
Cell_1153,0.576500
Cell_1154,0.577000
Cell_1155,0.577500
Cell_1156,0.578000
Cell_1157,0.578500
Cell_1158,0.579000
Cell_1159,0.579500
Cell_1160,0.580000
Cell_1161,0.580500
Cell_1162,0.581000
Cell_1163,0.581500
Cell_1164,0.582000
Cell_1165,0.582500
Cell_1166,0.583000
Cell_1167,0.583500
Cell_1168,0.584000
Cell_1169,0.584500
Cell_1170,0.585000
Cell_1171,0.585500
Cell_1172,0.586000
Cell_1173,0.586500
Cell_1174,0.587000
Cell_1175,0.587500
Cell_1176,0.588000
Cell_1177,0.588500
Cell_1178,0.589000
Cell_1179,0.589500
Cell_1180,0.590000
Cell_1181,0.590500
Cell_1182,0.591000
Cell_1183,0.591500
Cell_1184,0.592000
Cell_1185,0.592500
Cell_1186,0.593000
Cell_1187,0.593500
Cell_1188,0.594000
Cell_1189,0.594500
Cell_1190,0.595000
Cell_1191,0.595500
Cell_1192,0.596000
Cell_1193,0.596500
Cell_1194,0.597000
Cell_1195,0.597500
Cell_1196,0.598000
Cell_1197,0.598500
Cell_1198,0.599000
Cell_1199,0.599500
Cell_1200,0.600000
Cell_1201,0.600500
Cell_1202,0.601000
Cell_1203,0.601500
Cell_1204,0.602000
Cell_1205,0.602500
Cell_1206,0.603000
Cell_1207,0.603500
Cell_1208,0.604000
Cell_1209,0.604500
Cell_1210,0.605000
Cell_1211,0.605500
Cell_1212,0.606000
Cell_1213,0.606500
Cell_1214,0.607000
Cell_1215,0.607500
Cell_1216,0.608000
Cell_1217,0.608500
Cell_1218,0.609000
Cell_1219,0.609500
Cell_1220,0.610000
Cell_1221,0.610500
Cell_1222,0.611000
Cell_1223,0.611500
Cell_1224,0.612000
Cell_1225,0.612500
Cell_1226,0.613000
Cell_1227,0.613500
Cell_1228,0.614000
Cell_1229,0.614500
Cell_1230,0.615000
Cell_1231,0.615500
Cell_1232,0.616000
Cell_1233,0.616500
Cell_1234,0.617000
Cell_1235,0.617500
Cell_1236,0.618000
Cell_1237,0.618500
Cell_1238,0.619000
Cell_1239,0.619500
Cell_1240,0.620000
Cell_1241,0.620500
Cell_1242,0.621000
Cell_1243,0.621500
Cell_1244,0.622000
Cell_1245,0.622500
Cell_1246,0.623000
Cell_1247,0.623500
Cell_1248,0.624000
Cell_1249,0.624500
Cell_1250,0.625000
Cell_1251,0.625500
Cell_1252,0.626000
Cell_1253,0.626500
Cell_1254,0.627000
Cell_1255,0.627500
Cell_1256,0.628000
Cell_1257,0.628500
Cell_1258,0.629000
Cell_1259,0.629500
Cell_1260,0.630000
Cell_1261,0.630500
Cell_1262,0.631000
Cell_1263,0.631500
Cell_1264,0.632000
Cell_1265,0.632500
Cell_1266,0.633000
Cell_1267,0.633500
Cell_1268,0.634000
Cell_1269,0.634500
Cell_1270,0.635000
Cell_1271,0.635500
Cell_1272,0.636000
Cell_1273,0.636500
Cell_1274,0.637000
Cell_1275,0.637500
Cell_1276,0.638000
Cell_1277,0.638500
Cell_1278,0.639000
Cell_1279,0.639500
Cell_1280,0.640000
Cell_1281,0.640500
Cell_1282,0.641000
Cell_1283,0.641500
Cell_1284,0.642000
Cell_1285,0.642500
Cell_1286,0.643000
Cell_1287,0.643500
Cell_1288,0.644000
Cell_1289,0.644500
Cell_1290,0.645000
Cell_1291,0.645500
Cell_1292,0.646000
Cell_1293,0.646500
Cell_1294,0.647000
Cell_1295,0.647500
Cell_1296,0.648000
Cell_1297,0.648500
Cell_1298,0.649000
Cell_1299,0.649500
Cell_1300,0.650000
Cell_1301,0.650500
Cell_1302,0.651000
Cell_1303,0.651500
Cell_1304,0.652000
Cell_1305,0.652500
Cell_1306,0.653000
Cell_1307,0.653500
Cell_1308,0.654000
Cell_1309,0.654500
Cell_1310,0.655000
Cell_1311,0.655500
Cell_1312,0.656000
Cell_1313,0.656500
Cell_1314,0.657000
Cell_1315,0.657500
Cell_1316,0.658000
Cell_1317,0.658500
Cell_1318,0.659000
Cell_1319,0.659500
Cell_1320,0.660000
Cell_1321,0.660500
Cell_1322,0.661000
Cell_1323,0.661500
Cell_1324,0.662000
Cell_1325,0.662500
Cell_1326,0.663000
Cell_1327,0.663500
Cell_1328,0.664000
Cell_1329,0.664500
Cell_1330,0.665000
Cell_1331,0.665500
Cell_1332,0.666000
Cell_1333,0.666500
Cell_1334,0.667000
Cell_1335,0.667500
Cell_1336,0.668000
Cell_1337,0.668500
Cell_1338,0.669000
Cell_1339,0.669500
Cell_1340,0.670000
Cell_1341,0.670500
Cell_1342,0.671000
Cell_1343,0.671500
Cell_1344,0.672000
Cell_1345,0.672500
Cell_1346,0.673000
Cell_1347,0.673500
Cell_1348,0.674000
Cell_1349,0.674500
Cell_1350,0.675000
Cell_1351,0.675500
Cell_1352,0.676000
Cell_1353,0.676500
Cell_1354,0.677000
Cell_1355,0.677500
Cell_1356,0.678000
Cell_1357,0.678500
Cell_1358,0.679000
Cell_1359,0.679500
Cell_1360,0.680000
Cell_1361,0.680500
Cell_1362,0.681000
Cell_1363,0.681500
Cell_1364,0.682000
Cell_1365,0.682500
Cell_1366,0.683000
Cell_1367,0.683500
Cell_1368,0.684000
Cell_1369,0.684500
Cell_1370,0.685000
Cell_1371,0.685500
Cell_1372,0.686000
Cell_1373,0.686500
Cell_1374,0.687000
Cell_1375,0.687500
Cell_1376,0.688000
Cell_1377,0.688500
Cell_1378,0.689000
Cell_1379,0.689500
Cell_1380,0.690000
Cell_1381,0.690500
Cell_1382,0.691000
Cell_1383,0.691500
Cell_1384,0.692000
Cell_1385,0.692500
Cell_1386,0.693000
Cell_1387,0.693500
Cell_1388,0.694000
Cell_1389,0.694500
Cell_1390,0.695000
Cell_1391,0.695500
Cell_1392,0.696000
Cell_1393,0.696500
Cell_1394,0.697000
Cell_1395,0.697500
Cell_1396,0.698000
Cell_1397,0.698500
Cell_1398,0.699000
Cell_1399,0.699500
Cell_1400,0.700000
Cell_1401,0.700500
Cell_1402,0.701000
Cell_1403,0.701500
Cell_1404,0.702000
Cell_1405,0.702500
Cell_1406,0.703000
Cell_1407,0.703500
Cell_1408,0.704000
Cell_1409,0.704500
Cell_1410,0.705000
Cell_1411,0.705500
Cell_1412,0.706000
Cell_1413,0.706500
Cell_1414,0.707000
Cell_1415,0.707500
Cell_1416,0.708000
Cell_1417,0.708500
Cell_1418,0.709000
Cell_1419,0.709500
Cell_1420,0.710000
Cell_1421,0.710500
Cell_1422,0.711000
Cell_1423,0.711500
Cell_1424,0.712000
Cell_1425,0.712500
Cell_1426,0.713000
Cell_1427,0.713500
Cell_1428,0.714000
Cell_1429,0.714500
Cell_1430,0.715000
Cell_1431,0.715500
Cell_1432,0.716000
Cell_1433,0.716500
Cell_1434,0.717000
Cell_1435,0.717500
Cell_1436,0.718000
Cell_1437,0.718500
Cell_1438,0.719000
Cell_1439,0.719500
Cell_1440,0.720000
Cell_1441,0.720500
Cell_1442,0.721000
Cell_1443,0.721500
Cell_1444,0.722000
Cell_1445,0.722500
Cell_1446,0.723000
Cell_1447,0.723500
Cell_1448,0.724000
Cell_1449,0.724500
Cell_1450,0.725000
Cell_1451,0.725500
Cell_1452,0.726000
Cell_1453,0.726500
Cell_1454,0.727000
Cell_1455,0.727500
Cell_1456,0.728000
Cell_1457,0.728500
Cell_1458,0.729000
Cell_1459,0.729500
Cell_1460,0.730000
Cell_1461,0.730500
Cell_1462,0.731000
Cell_1463,0.731500
Cell_1464,0.732000
Cell_1465,0.732500
Cell_1466,0.733000
Cell_1467,0.733500
Cell_1468,0.734000
Cell_1469,0.734500
Cell_1470,0.735000
Cell_1471,0.735500
Cell_1472,0.736000
Cell_1473,0.736500
Cell_1474,0.737000
Cell_1475,0.737500
Cell_1476,0.738000
Cell_1477,0.738500
Cell_1478,0.739000
Cell_1479,0.739500
Cell_1480,0.740000
Cell_1481,0.740500
Cell_1482,0.741000
Cell_1483,0.741500
Cell_1484,0.742000
Cell_1485,0.742500
Cell_1486,0.743000
Cell_1487,0.743500
Cell_1488,0.744000
Cell_1489,0.744500
Cell_1490,0.745000
Cell_1491,0.745500
Cell_1492,0.746000
Cell_1493,0.746500
Cell_1494,0.747000
Cell_1495,0.747500
Cell_1496,0.748000
Cell_1497,0.748500
Cell_1498,0.749000
Cell_1499,0.749500
Cell_1500,0.750000
Cell_1501,0.750500
Cell_1502,0.751000
Cell_1503,0.751500
Cell_1504,0.752000
Cell_1505,0.752500
Cell_1506,0.753000
Cell_1507,0.753500
Cell_1508,0.754000
Cell_1509,0.754500
Cell_1510,0.755000
Cell_1511,0.755500
Cell_1512,0.756000
Cell_1513,0.756500
Cell_1514,0.757000
Cell_1515,0.757500
Cell_1516,0.758000
Cell_1517,0.758500
Cell_1518,0.759000
Cell_1519,0.759500
Cell_1520,0.760000
Cell_1521,0.760500
Cell_1522,0.761000
Cell_1523,0.761500
Cell_1524,0.762000
Cell_1525,0.762500
Cell_1526,0.763000
Cell_1527,0.763500
Cell_1528,0.764000
Cell_1529,0.764500
Cell_1530,0.765000
Cell_1531,0.765500
Cell_1532,0.766000
Cell_1533,0.766500
Cell_1534,0.767000
Cell_1535,0.767500
Cell_1536,0.768000
Cell_1537,0.768500
Cell_1538,0.769000
Cell_1539,0.769500
Cell_1540,0.770000
Cell_1541,0.770500
Cell_1542,0.771000
Cell_1543,0.771500
Cell_1544,0.772000
Cell_1545,0.772500
Cell_1546,0.773000
Cell_1547,0.773500
Cell_1548,0.774000
Cell_1549,0.774500
Cell_1550,0.775000
Cell_1551,0.775500
Cell_1552,0.776000
Cell_1553,0.776500
Cell_1554,0.777000
Cell_1555,0.777500
Cell_1556,0.778000
Cell_1557,0.778500
Cell_1558,0.779000
Cell_1559,0.779500
Cell_1560,0.780000
Cell_1561,0.780500
Cell_1562,0.781000
Cell_1563,0.781500
Cell_1564,0.782000
Cell_1565,0.782500
Cell_1566,0.783000
Cell_1567,0.783500
Cell_1568,0.784000
Cell_1569,0.784500
Cell_1570,0.785000
Cell_1571,0.785500
Cell_1572,0.786000
Cell_1573,0.786500
Cell_1574,0.787000
Cell_1575,0.787500
Cell_1576,0.788000
Cell_1577,0.788500
Cell_1578,0.789000
Cell_1579,0.789500
Cell_1580,0.790000
Cell_1581,0.790500
Cell_1582,0.791000
Cell_1583,0.791500
Cell_1584,0.792000
Cell_1585,0.792500
Cell_1586,0.793000
Cell_1587,0.793500
Cell_1588,0.794000
Cell_1589,0.794500
Cell_1590,0.795000
Cell_1591,0.795500
Cell_1592,0.796000
Cell_1593,0.796500
Cell_1594,0.797000
Cell_1595,0.797500
Cell_1596,0.798000
Cell_1597,0.798500
Cell_1598,0.799000
Cell_1599,0.799500
Cell_1600,0.800000
Cell_1601,0.800500
Cell_1602,0.801000
Cell_1603,0.801500
Cell_1604,0.802000
Cell_1605,0.802500
Cell_1606,0.803000
Cell_1607,0.803500
Cell_1608,0.804000
Cell_1609,0.804500
Cell_1610,0.805000
Cell_1611,0.805500
Cell_1612,0.806000
Cell_1613,0.806500
Cell_1614,0.807000
Cell_1615,0.807500
Cell_1616,0.808000
Cell_1617,0.808500
Cell_1618,0.809000
Cell_1619,0.809500
Cell_1620,0.810000
Cell_1621,0.810500
Cell_1622,0.811000
Cell_1623,0.811500
Cell_1624,0.812000
Cell_1625,0.812500
Cell_1626,0.813000
Cell_1627,0.813500
Cell_1628,0.814000
Cell_1629,0.814500
Cell_1630,0.815000
Cell_1631,0.815500
Cell_1632,0.816000
Cell_1633,0.816500
Cell_1634,0.817000
Cell_1635,0.817500
Cell_1636,0.818000
Cell_1637,0.818500
Cell_1638,0.819000
Cell_1639,0.819500
Cell_1640,0.820000
Cell_1641,0.820500
Cell_1642,0.821000
Cell_1643,0.821500
Cell_1644,0.822000
Cell_1645,0.822500
Cell_1646,0.823000
Cell_1647,0.823500
Cell_1648,0.824000
Cell_1649,0.824500
Cell_1650,0.825000
Cell_1651,0.825500
Cell_1652,0.826000
Cell_1653,0.826500
Cell_1654,0.827000
Cell_1655,0.827500
Cell_1656,0.828000
Cell_1657,0.828500
Cell_1658,0.829000
Cell_1659,0.829500
Cell_1660,0.830000
Cell_1661,0.830500
Cell_1662,0.831000
Cell_1663,0.831500
Cell_1664,0.832000
Cell_1665,0.832500
Cell_1666,0.833000
Cell_1667,0.833500
Cell_1668,0.834000
Cell_1669,0.834500
Cell_1670,0.835000
Cell_1671,0.835500
Cell_1672,0.836000
Cell_1673,0.836500
Cell_1674,0.837000
Cell_1675,0.837500
Cell_1676,0.838000
Cell_1677,0.838500
Cell_1678,0.839000
Cell_1679,0.839500
Cell_1680,0.840000
Cell_1681,0.840500
Cell_1682,0.841000
Cell_1683,0.841500
Cell_1684,0.842000
Cell_1685,0.842500
Cell_1686,0.843000
Cell_1687,0.843500
Cell_1688,0.844000
Cell_1689,0.844500
Cell_1690,0.845000
Cell_1691,0.845500
Cell_1692,0.846000
Cell_1693,0.846500
Cell_1694,0.847000
Cell_1695,0.847500
Cell_1696,0.848000
Cell_1697,0.848500
Cell_1698,0.849000
Cell_1699,0.849500
Cell_1700,0.850000
Cell_1701,0.850500
Cell_1702,0.851000
Cell_1703,0.851500
Cell_1704,0.852000
Cell_1705,0.852500
Cell_1706,0.853000
Cell_1707,0.853500
Cell_1708,0.854000
Cell_1709,0.854500
Cell_1710,0.855000
Cell_1711,0.855500
Cell_1712,0.856000
Cell_1713,0.856500
Cell_1714,0.857000
Cell_1715,0.857500
Cell_1716,0.858000
Cell_1717,0.858500
Cell_1718,0.859000
Cell_1719,0.859500
Cell_1720,0.860000
Cell_1721,0.860500
Cell_1722,0.861000
Cell_1723,0.861500
Cell_1724,0.862000
Cell_1725,0.862500
Cell_1726,0.863000
Cell_1727,0.863500
Cell_1728,0.864000
Cell_1729,0.864500
Cell_1730,0.865000
Cell_1731,0.865500
Cell_1732,0.866000
Cell_1733,0.866500
Cell_1734,0.867000
Cell_1735,0.867500
Cell_1736,0.868000
Cell_1737,0.868500
Cell_1738,0.869000
Cell_1739,0.869500
Cell_1740,0.870000
Cell_1741,0.870500
Cell_1742,0.871000
Cell_1743,0.871500
Cell_1744,0.872000
Cell_1745,0.872500
Cell_1746,0.873000
Cell_1747,0.873500
Cell_1748,0.874000
Cell_1749,0.874500
Cell_1750,0.875000
Cell_1751,0.875500
Cell_1752,0.876000
Cell_1753,0.876500
Cell_1754,0.877000
Cell_1755,0.877500
Cell_1756,0.878000
Cell_1757,0.878500
Cell_1758,0.879000
Cell_1759,0.879500
Cell_1760,0.880000
Cell_1761,0.880500
Cell_1762,0.881000
Cell_1763,0.881500
Cell_1764,0.882000
Cell_1765,0.882500
Cell_1766,0.883000
Cell_1767,0.883500
Cell_1768,0.884000
Cell_1769,0.884500
Cell_1770,0.885000
Cell_1771,0.885500
Cell_1772,0.886000
Cell_1773,0.886500
Cell_1774,0.887000
Cell_1775,0.887500
Cell_1776,0.888000
Cell_1777,0.888500
Cell_1778,0.889000
Cell_1779,0.889500
Cell_1780,0.890000
Cell_1781,0.890500
Cell_1782,0.891000
Cell_1783,0.891500
Cell_1784,0.892000
Cell_1785,0.892500
Cell_1786,0.893000
Cell_1787,0.893500
Cell_1788,0.894000
Cell_1789,0.894500
Cell_1790,0.895000
Cell_1791,0.895500
Cell_1792,0.896000
Cell_1793,0.896500
Cell_1794,0.897000
Cell_1795,0.897500
Cell_1796,0.898000
Cell_1797,0.898500
Cell_1798,0.899000
Cell_1799,0.899500
Cell_1800,0.900000
Cell_1801,0.900500
Cell_1802,0.901000
Cell_1803,0.901500
Cell_1804,0.902000
Cell_1805,0.902500
Cell_1806,0.903000
Cell_1807,0.903500
Cell_1808,0.904000
Cell_1809,0.904500
Cell_1810,0.905000
Cell_1811,0.905500
Cell_1812,0.906000
Cell_1813,0.906500
Cell_1814,0.907000
Cell_1815,0.907500
Cell_1816,0.908000
Cell_1817,0.908500
Cell_1818,0.909000
Cell_1819,0.909500
Cell_1820,0.910000
Cell_1821,0.910500
Cell_1822,0.911000
Cell_1823,0.911500
Cell_1824,0.912000
Cell_1825,0.912500
Cell_1826,0.913000
Cell_1827,0.913500
Cell_1828,0.914000
Cell_1829,0.914500
Cell_1830,0.915000
Cell_1831,0.915500
Cell_1832,0.916000
Cell_1833,0.916500
Cell_1834,0.917000
Cell_1835,0.917500
Cell_1836,0.918000
Cell_1837,0.918500
Cell_1838,0.919000
Cell_1839,0.919500
Cell_1840,0.920000
Cell_1841,0.920500
Cell_1842,0.921000
Cell_1843,0.921500
Cell_1844,0.922000
Cell_1845,0.922500
Cell_1846,0.923000
Cell_1847,0.923500
Cell_1848,0.924000
Cell_1849,0.924500
Cell_1850,0.925000
Cell_1851,0.925500
Cell_1852,0.926000
Cell_1853,0.926500
Cell_1854,0.927000
Cell_1855,0.927500
Cell_1856,0.928000
Cell_1857,0.928500
Cell_1858,0.929000
Cell_1859,0.929500
Cell_1860,0.930000
Cell_1861,0.930500
Cell_1862,0.931000
Cell_1863,0.931500
Cell_1864,0.932000
Cell_1865,0.932500
Cell_1866,0.933000
Cell_1867,0.933500
Cell_1868,0.934000
Cell_1869,0.934500
Cell_1870,0.935000
Cell_1871,0.935500
Cell_1872,0.936000
Cell_1873,0.936500
Cell_1874,0.937000
Cell_1875,0.937500
Cell_1876,0.938000
Cell_1877,0.938500
Cell_1878,0.939000
Cell_1879,0.939500
Cell_1880,0.940000
Cell_1881,0.940500
Cell_1882,0.941000
Cell_1883,0.941500
Cell_1884,0.942000
Cell_1885,0.942500
Cell_1886,0.943000
Cell_1887,0.943500
Cell_1888,0.944000
Cell_1889,0.944500
Cell_1890,0.945000
Cell_1891,0.945500
Cell_1892,0.946000
Cell_1893,0.946500
Cell_1894,0.947000
Cell_1895,0.947500
Cell_1896,0.948000
Cell_1897,0.948500
Cell_1898,0.949000
Cell_1899,0.949500
Cell_1900,0.950000
Cell_1901,0.950500
Cell_1902,0.951000
Cell_1903,0.951500
Cell_1904,0.952000
Cell_1905,0.952500
Cell_1906,0.953000
Cell_1907,0.953500
Cell_1908,0.954000
Cell_1909,0.954500
Cell_1910,0.955000
Cell_1911,0.955500
Cell_1912,0.956000
Cell_1913,0.956500
Cell_1914,0.957000
Cell_1915,0.957500
Cell_1916,0.958000
Cell_1917,0.958500
Cell_1918,0.959000
Cell_1919,0.959500
Cell_1920,0.960000
Cell_1921,0.960500
Cell_1922,0.961000
Cell_1923,0.961500
Cell_1924,0.962000
Cell_1925,0.962500
Cell_1926,0.963000
Cell_1927,0.963500
Cell_1928,0.964000
Cell_1929,0.964500
Cell_1930,0.965000
Cell_1931,0.965500
Cell_1932,0.966000
Cell_1933,0.966500
Cell_1934,0.967000
Cell_1935,0.967500
Cell_1936,0.968000
Cell_1937,0.968500
Cell_1938,0.969000
Cell_1939,0.969500
Cell_1940,0.970000
Cell_1941,0.970500
Cell_1942,0.971000
Cell_1943,0.971500
Cell_1944,0.972000
Cell_1945,0.972500
Cell_1946,0.973000
Cell_1947,0.973500
Cell_1948,0.974000
Cell_1949,0.974500
Cell_1950,0.975000
Cell_1951,0.975500
Cell_1952,0.976000
Cell_1953,0.976500
Cell_1954,0.977000
Cell_1955,0.977500
Cell_1956,0.978000
Cell_1957,0.978500
Cell_1958,0.979000
Cell_1959,0.979500
Cell_1960,0.980000
Cell_1961,0.980500
Cell_1962,0.981000
Cell_1963,0.981500
Cell_1964,0.982000
Cell_1965,0.982500
Cell_1966,0.983000
Cell_1967,0.983500
Cell_1968,0.984000
Cell_1969,0.984500
Cell_1970,0.985000
Cell_1971,0.985500
Cell_1972,0.986000
Cell_1973,0.986500
Cell_1974,0.987000
Cell_1975,0.987500
Cell_1976,0.988000
Cell_1977,0.988500
Cell_1978,0.989000
Cell_1979,0.989500
Cell_1980,0.990000
Cell_1981,0.990500
Cell_1982,0.991000
Cell_1983,0.991500
Cell_1984,0.992000
Cell_1985,0.992500
Cell_1986,0.993000
Cell_1987,0.993500
Cell_1988,0.994000
Cell_1989,0.994500
Cell_1990,0.995000
Cell_1991,0.995500
Cell_1992,0.996000
Cell_1993,0.996500
Cell_1994,0.997000
Cell_1995,0.997500
Cell_1996,0.998000
Cell_1997,0.998500
Cell_1998,0.999000
Cell_1999,0.999500
